{
  "architecture": {
    "n_in": 6,
    "n_hid": 8,
    "n_out": 4,
    "description": "3 sensor inputs \u00d7 2 (directional) = 6 spikes \u2192 8 hidden LIF \u2192 4 output LIF"
  },
  "W_ih": [
    [
      -0.28703308444777687,
      0.6679313396691882,
      0.19947273682457914,
      0.12263313951564961,
      0.3505377847607791,
      0.1880106780054475
    ],
    [
      0.4933227911606865,
      0.9781687365058679,
      0.4373660212143313,
      -0.178805697569623,
      0.5370351208514043,
      -0.420173935461626
    ],
    [
      0.08771846954171655,
      -0.021216602718487354,
      -0.3212597729265779,
      -0.16926078602598088,
      0.23914963870249828,
      0.3068884267624813
    ],
    [
      0.6630323064342847,
      0.003330040080456093,
      -0.4028975432922492,
      -0.08876961953389162,
      -0.4282640695970853,
      -0.21594226855546153
    ],
    [
      0.243411764191732,
      -0.24339356701336817,
      0.24063182602821984,
      0.08418004809330785,
      -0.6310291339032849,
      -0.5844075825261209
    ],
    [
      -0.3262636565821605,
      -0.46213232904437024,
      -0.12287419952253603,
      -0.9759080189528249,
      -0.0989300770884456,
      0.2515335636131419
    ],
    [
      0.6960574231484463,
      -0.2030373235982729,
      -0.05602805979134125,
      -0.7186249678994295,
      -0.5488820394595929,
      0.7363496285892603
    ],
    [
      0.025321187165267038,
      1.1198015960067869,
      -0.448111307355249,
      -0.34222005430708263,
      -0.6604703718381014,
      -0.23952639877243284
    ]
  ],
  "W_ho": [
    [
      -0.28970869326478726,
      -0.8595702494650184,
      0.03834079960644426,
      0.547227588266577,
      0.0865705040809588,
      0.3421948251466985,
      0.5202002668444573,
      -0.20406154742594892
    ],
    [
      0.002791133351056809,
      0.7438857763097548,
      -0.223982392496717,
      -0.05663956771511305,
      -0.22986052424622225,
      -0.9042930222148902,
      0.35072867869252766,
      -0.6934355631143683
    ],
    [
      0.2449426898577129,
      -0.3709567913818182,
      0.6670459456257447,
      -0.42634875101916203,
      0.39870065663462245,
      -0.11668407191790313,
      -0.2736901183176421,
      0.0830254547314936
    ],
    [
      0.33769670655865025,
      0.5429283126063971,
      -0.04608698394354689,
      0.5095378640899159,
      -0.10588598479456703,
      -0.5965956478609961,
      -0.47710967124597053,
      -0.08839182114870406
    ]
  ],
  "b_h": [
    -0.025004925132755613,
    -0.19874189465840716,
    -0.280535691843633,
    -0.04197522445164197,
    0.19580946154368417,
    0.5730197103270029,
    0.5011809122708962,
    0.11135160204595941
  ],
  "b_o": [
    0.8919096294632485,
    0.0854143208031642,
    0.4569356409548868,
    -0.11191800294405199
  ],
  "metrics": {
    "f1_macro": 0.5464909681821447,
    "f1_weighted": 0.8855178897507016,
    "accuracy": 0.9048086359175662,
    "per_class_f1": [
      0.9649321266968326,
      0.7638888888888888,
      0.17142857142857143,
      0.2857142857142857
    ],
    "per_class_precision": [
      0.9456762749445676,
      0.6626506024096386,
      0.375,
      0.4444444444444444
    ],
    "per_class_recall": [
      0.9849884526558892,
      0.9016393442622951,
      0.1111111111111111,
      0.21052631578947367
    ],
    "confusion_matrix": [
      [
        853,
        5,
        7,
        1
      ],
      [
        3,
        55,
        1,
        2
      ],
      [
        33,
        8,
        6,
        7
      ],
      [
        13,
        15,
        2,
        8
      ]
    ]
  },
  "class_names": [
    "Normal",
    "Arrhythmia",
    "Hypotensive",
    "Hypertensive"
  ],
  "feature_cols": [
    "heart_rate",
    "blood_oxygen",
    "hrv_sdnn"
  ],
  "hyperparams": {
    "alpha": 0.85,
    "threshold": 0.8,
    "T_steps": 10,
    "epochs": 400,
    "batch_size": 64
  },
  "spike_encoding": "2 spikes per feature (too_low, too_high)",
  "thresholds": {
    "heart_rate": [
      60.0,
      100.0
    ],
    "blood_oxygen": [
      95.0,
      100.0
    ],
    "hrv_sdnn": [
      30.0,
      70.0
    ]
  },
  "sensors": {
    "heart_rate": "MAX30100 PPG sensor (I2C)",
    "blood_oxygen": "MAX30100 SpO2 sensor (I2C)",
    "hrv_sdnn": "AD8232 ECG \u2192 R-R interval \u2192 SDNN computation"
  },
  "esp32_deployment": {
    "target": "ESP32-S3 DevKitC-1",
    "framework": "Arduino via PlatformIO",
    "estimated_flash_kb": 0.6,
    "estimated_ram_kb": 0.3,
    "estimated_inference_us": 8,
    "estimated_energy_uj": 0.5
  }
}