{
  "architecture": {
    "n_in": 12,
    "n_hid": 10,
    "n_out": 4
  },
  "W_ih": [
    [
      1.0131952011990963,
      -0.6822024653830006,
      0.1712306485883789,
      0.062420911382226746,
      0.10832334603535698,
      0.13937316782928466,
      0.1886787113380693,
      0.12979871531012463,
      0.13790985969594133,
      -0.5514963902369404,
      0.11530804129171386,
      0.09599339162732248
    ],
    [
      0.038279809990261975,
      0.1582567002794858,
      0.15366481670834806,
      -0.38644819363177835,
      -0.4224953434399259,
      -0.2473137200576656,
      -0.30230680881751465,
      -0.4372803310666159,
      0.1356149901518343,
      -0.22658374212466575,
      0.08514753415280982,
      -0.23164602604235038
    ],
    [
      0.1870938964826417,
      0.5466499556265954,
      0.2022094885231619,
      -0.3231508035367281,
      0.10096243947753056,
      0.1679333512036271,
      0.2170034093753609,
      0.24765460383617255,
      0.39326394390759023,
      -0.20489942134397485,
      -0.12619285329204513,
      0.783075249705372
    ],
    [
      0.2853485750893437,
      0.11857168515303151,
      -0.14025850111033283,
      -0.7634979408910163,
      0.013472404356354434,
      -0.10716449774625554,
      0.09225358762502137,
      0.2222606231433217,
      0.29931712246905334,
      -0.22413116075525963,
      0.6913906522828402,
      -0.4798223056522512
    ],
    [
      -0.0892876562568706,
      0.2197790277872319,
      0.0593247802219863,
      -0.048569025139533824,
      -0.41040710774949235,
      -0.21072463177280062,
      -0.1362383167458101,
      -0.09616666926792687,
      -0.2126739979408052,
      -0.22998392865424724,
      0.5072577334067067,
      -0.3819914755370326
    ],
    [
      0.5204728870575145,
      0.6282295971458597,
      0.5206840279053362,
      0.07187046471409554,
      -0.07904286293513928,
      -0.04557294643493679,
      0.1271503234119837,
      0.20171081850275022,
      0.27117236595689115,
      0.1541499589350054,
      0.08801068427665103,
      -0.554795841039448
    ],
    [
      0.19916150111765796,
      -0.8068260234400196,
      -0.19457968528155084,
      0.4541195306200742,
      0.25330728515232814,
      0.00651291478132594,
      0.2093250380442017,
      -0.6653945443897014,
      -0.18823933704713955,
      0.46481652599214934,
      -0.365283994138565,
      -0.3515126926470488
    ],
    [
      0.07479257262436127,
      0.15450857105367255,
      -0.005486808930210681,
      -0.2743211878424696,
      -0.5535420121761437,
      0.08692893089472732,
      -0.09462733658390028,
      -0.07530049948571098,
      0.21906939904978287,
      -0.09047593516176189,
      -0.47504533526196374,
      -0.1149910553912607
    ],
    [
      -0.01829334495946925,
      -0.4325069304289516,
      0.12993595239731714,
      0.22510328678863795,
      -0.43175874394077834,
      0.2158937971742198,
      0.4692008033944587,
      -0.1063247278693711,
      -0.13925816148850567,
      -0.30892973286708736,
      0.8523645640411762,
      0.3563547089412533
    ],
    [
      -0.4475147428707195,
      -0.2887712022152374,
      0.4399864872280429,
      -0.15889364717645085,
      0.3685908558095036,
      -0.27813546289402635,
      -0.03219594278174219,
      0.02987822697593141,
      -0.229500930906015,
      0.11728327632756216,
      -0.12998458234706234,
      -0.36019387137219394
    ]
  ],
  "W_ho": [
    [
      -0.08455737568152555,
      -0.1768734734287655,
      -0.9340372107269773,
      -0.22618904372646823,
      -0.11471249826655867,
      -0.5538821401871815,
      1.025758310955977,
      0.6925724490193471,
      -0.46713718324343,
      0.003589615771042112
    ],
    [
      1.0057828003963005,
      0.2828061368402874,
      0.5301738988639818,
      0.13390589759847246,
      0.08777184917349211,
      0.8581365799084429,
      -0.15938418446562955,
      1.7468409858638814,
      -0.07615280239980826,
      -0.5069871220369799
    ],
    [
      -0.78929177605834,
      0.3834443674074311,
      -0.5322074652944153,
      0.48462129660268183,
      0.594273060740782,
      0.0408497547322103,
      -0.47994520756932996,
      -0.10909477071033219,
      0.4273461201322122,
      0.3564255690166525
    ],
    [
      -0.15054322928058164,
      -0.8247330823141997,
      0.6285641441775195,
      -0.6132455556780929,
      -0.2109464240132977,
      -0.10119650772073135,
      -0.6502524172140447,
      0.622308683085983,
      0.13441929380409953,
      -0.3612826581039297
    ]
  ],
  "b_h": [
    -0.3574663389083906,
    0.154074882258609,
    -0.21806898195922786,
    0.2131134898603524,
    0.418457233158009,
    -0.4105229075925209,
    0.9200966898248146,
    -0.07020198330551802,
    -0.07037212316217885,
    0.1658719515962489
  ],
  "b_o": [
    1.025966852304596,
    -0.30845533452583057,
    0.49264532199756844,
    0.3222766980475338
  ],
  "metrics": {
    "f1_macro": 0.7968720968435681,
    "f1_weighted": 0.9374751079793526,
    "accuracy": 0.943081452404318
  },
  "class_names": [
    "Normal",
    "Arrhythmia",
    "Hypotensive",
    "Hypertensive"
  ],
  "feature_cols": [
    "heart_rate",
    "blood_oxygen",
    "body_temperature",
    "respiratory_rate",
    "hrv_sdnn",
    "blood_pressure_systolic"
  ],
  "hyperparams": {
    "alpha": 0.85,
    "threshold": 0.8,
    "T_steps": 10,
    "epochs": 300
  },
  "spike_encoding": "2 spikes per feature (too_low, too_high)",
  "thresholds": {
    "heart_rate": [
      60.0,
      100.0
    ],
    "blood_oxygen": [
      95.0,
      100.0
    ],
    "body_temp": [
      96.5,
      99.5
    ],
    "resp_rate": [
      12.0,
      20.0
    ],
    "hrv_sdnn": [
      30.0,
      70.0
    ],
    "bp_systolic": [
      90.0,
      140.0
    ]
  }
}